{"teachers":[0,0,0,4,0,12,0,0,0,0,0,20,0,16,4,4,24,8,8,4,0,0,8,0,0,4,4,0,8,0,0],"students":[32,12,0,12,8,8,8,4,16,0,4,16,0,16,4,12,0,12,4,4,12,4,12,4,8,4,4,8,4,0,4,4,16,8],"teachersMean":4.129032258064516,"studentsMean":7.764705882352941,"allMean":6.030769230769231}
