{"teachers":[0,0,0,1,0,3,0,0,0,0,0,5,0,4,1,1,6,2,2,1,0,0,2,0,0,1,1,0,2,0,0],"students":[8,3,0,3,2,2,2,1,4,0,1,4,0,4,1,3,0,3,1,1,3,1,3,1,2,1,1,2,1,0,1,1,4,2],"teachersMean":1.032258064516129,"studentsMean":1.9411764705882353,"allMean":1.5076923076923077}
